age,affordability,have_insurance
56,0,1
69,0,0
46,1,1
32,1,1
60,0,0
25,1,0
38,1,1
56,1,0
36,0,0
40,0,0
28,0,0
28,0,1
41,0,0
70,0,0
53,0,0
57,0,0
41,0,0
20,1,0
39,0,0
70,1,1
19,1,1
41,1,1
61,0,0
47,0,0
55,0,0
19,0,0
38,1,1
50,0,0
29,0,0
39,0,0
61,0,1
42,0,1
66,1,1
44,0,1
59,1,1
45,0,1
33,1,1
32,0,0
64,0,1
68,1,1
61,1,1
72,1,1
69,0,1
74,1,1
20,0,0
54,0,0
68,1,1
24,1,0
38,0,1
26,0,0
56,1,0
35,1,1
21,1,1
42,0,1
31,0,0
67,0,1
26,0,0
43,0,1
70,0,1
19,1,0
37,0,0
45,0,1
64,0,1
24,1,0
61,0,1
25,0,0
64,1,1
52,0,1
31,0,0
34,0,0
53,0,0
67,0,1
57,1,1
21,1,0
19,1,0
23,0,1
71,0,1
59,0,0
21,1,1
71,0,0
46,0,0
35,1,0
43,0,0
61,1,1
51,1,1
27,1,0
53,0,1
31,0,0
48,0,1
65,0,0
32,0,1
25,0,0
31,0,0
40,1,1
74,0,1
57,1,0
38,0,1
33,0,0
62,0,0
35,1,1
