area,bedrooms,price
1362,3,330856
2451,5,561209
1930,4,445809
1540,3,357919
951,2,227581
995,2,262220
887,1,232265
1921,4,430838
1784,3,397942
2106,4,483057
730,1,166827
2336,5,546172
1842,4,446845
1070,2,240697
928,2,242709
935,2,254948
912,2,261342
1459,3,338937
1626,3,371571
1086,2,268084
1542,3,364148
985,2,269857
1183,2,278116
1365,3,354107
1469,3,341058
1744,4,417970
961,2,273961
1740,3,368811
1433,3,366961
783,1,178996
1327,3,338804
1007,2,261256
543,1,177556
2439,5,532261
2385,5,515661
2145,4,453484
1230,2,282727
627,1,157730
1647,3,371410
1772,3,389143
1130,2,255259
1489,3,351428
724,1,198753
2484,5,538711
1276,2,308904
1582,3,344102
1345,2,289905
1420,3,326120
1415,3,356634
1360,2,331025
2332,5,552054
1958,4,445618
2458,5,544145
1897,4,444856
1755,3,384896
2510,5,578343
636,1,181465
1217,2,287749
664,1,196576
1124,2,264971
1606,3,357735
1133,2,295886
1871,4,412699
1451,3,354266
1362,2,322491
1614,3,394457
1273,2,291882
1859,4,438705
595,1,151408
2571,5,583666
1932,4,427200
1079,2,284492
612,1,161951
2017,4,433704
2196,4,463899
2141,4,457445
1751,4,404833
767,1,199349
1594,3,356974
1285,2,305461
2086,4,448439
1412,3,359205
1000,2,278354
612,1,149357
1339,2,319210
980,2,243482
1886,4,415100
1412,3,363740
1701,4,388111
1429,3,366325
1119,2,269207
1753,4,404919
2042,4,439169
1784,3,419360
1923,4,447093
1524,3,358336
1684,3,396067
1702,3,383628
625,1,174626
1029,2,255645
